generator_type,rho,alpha,delta,K,T,seed,method,concept_re_id_accuracy,assignment_entropy,wrong_memory_reuse_rate,worst_window_dip,worst_window_recovery,budget_normalized_score,final_accuracy,accuracy_auc
sine,5.0,0.5,0.5,10,20,42,FedProTrack,0.915,1.25208,0.085,0.0624,1,0.001195,0.4716,9.5624
sine,5.0,0.5,0.5,10,20,42,IFCA,0.67,0.669898,0.33,0.1044,3,0.001135,0.5352,10.3505
sine,5.0,0.5,0.5,10,20,42,FedProto,,,,0.17,6,0.00158,0.4382,9.606
sine,5.0,0.5,0.5,10,20,42,FedAvg,,,,0.0708,6,,0.552,9.497
sine,5.0,0.5,0.5,10,20,43,FedProTrack,0.91,1.289997,0.09,0.1248,6,0.001153,0.522,9.2232
sine,5.0,0.5,0.5,10,20,43,IFCA,0.615,0.893057,0.385,0.0804,6,0.001116,0.5264,10.1776
sine,5.0,0.5,0.5,10,20,43,FedProto,,,,0.1458,6,0.001699,0.4726,10.3281
sine,5.0,0.5,0.5,10,20,43,FedAvg,,,,0.1176,6,,0.5032,9.085
sine,5.0,0.5,0.5,10,20,44,FedProTrack,0.89,1.34124,0.11,0.0904,6,0.001219,0.5084,9.754
sine,5.0,0.5,0.5,10,20,44,IFCA,0.595,0.516979,0.405,0.1294,2,0.001204,0.4994,10.9839
sine,5.0,0.5,0.5,10,20,44,FedProto,,,,0.1538,6,0.001775,0.493,10.794
sine,5.0,0.5,0.5,10,20,44,FedAvg,,,,0.0728,6,,0.4924,9.1504
sine,5.0,0.5,0.5,10,20,45,FedProTrack,0.885,1.33175,0.115,0.0612,2,0.001314,0.5268,10.5096
sine,5.0,0.5,0.5,10,20,45,IFCA,0.805,0.462004,0.195,0.0774,6,0.001202,0.5148,10.9648
sine,5.0,0.5,0.5,10,20,45,FedProto,,,,0.0858,2,0.001828,0.5426,11.1119
sine,5.0,0.5,0.5,10,20,45,FedAvg,,,,0.0496,2,,0.5364,10.1568
sine,5.0,0.5,0.5,10,20,46,FedProTrack,0.935,1.310874,0.065,0.1132,6,0.001171,0.5328,9.3648
sine,5.0,0.5,0.5,10,20,46,IFCA,0.66,0.689775,0.34,0.1524,6,0.001148,0.5628,10.466
sine,5.0,0.5,0.5,10,20,46,FedProto,,,,0.1488,6,0.001565,0.553,9.5166
sine,5.0,0.5,0.5,10,20,46,FedAvg,,,,0.0812,6,,0.5104,9.426
sine,5.0,0.5,0.5,10,20,47,FedProTrack,0.925,1.250099,0.075,0.062,6,0.001255,0.502,10.0436
sine,5.0,0.5,0.5,10,20,47,IFCA,0.755,0.602362,0.245,0.0934,2,0.00118,0.5752,10.7587
sine,5.0,0.5,0.5,10,20,47,FedProto,,,,0.1262,6,0.001701,0.5668,10.3402
sine,5.0,0.5,0.5,10,20,47,FedAvg,,,,0.0716,3,,0.5312,9.6814
sine,5.0,0.5,0.5,10,20,48,FedProTrack,0.92,1.20859,0.08,0.162,6,0.00117,0.5004,9.3578
sine,5.0,0.5,0.5,10,20,48,IFCA,0.715,0.734662,0.285,0.1012,6,0.001127,0.4782,10.2827
sine,5.0,0.5,0.5,10,20,48,FedProto,,,,0.2188,6,0.001549,0.4876,9.4153
sine,5.0,0.5,0.5,10,20,48,FedAvg,,,,0.0776,2,,0.4904,9.6012
sine,5.0,0.5,0.5,10,20,49,FedProTrack,0.895,1.35448,0.105,0.2236,6,0.001259,0.4288,10.0736
sine,5.0,0.5,0.5,10,20,49,IFCA,0.75,0.89176,0.25,0.1132,6,0.001113,0.6124,10.1535
sine,5.0,0.5,0.5,10,20,49,FedProto,,,,0.2426,6,0.001681,0.4338,10.2191
sine,5.0,0.5,0.5,10,20,49,FedAvg,,,,0.0544,3,,0.5144,9.2228
sine,5.0,0.5,0.5,10,20,50,FedProTrack,0.895,1.378852,0.105,0.0704,3,0.0012,0.5012,9.6026
sine,5.0,0.5,0.5,10,20,50,IFCA,0.75,0.737424,0.25,0.158,6,0.001133,0.5504,10.3321
sine,5.0,0.5,0.5,10,20,50,FedProto,,,,0.195,6,0.001591,0.4876,9.6707
sine,5.0,0.5,0.5,10,20,50,FedAvg,,,,0.1304,6,,0.4576,9.3264
sine,5.0,0.5,0.5,10,20,51,FedProTrack,0.91,1.138611,0.09,0.0688,3,0.001187,0.504,9.4988
sine,5.0,0.5,0.5,10,20,51,IFCA,0.605,0.751101,0.395,0.0914,5,0.001117,0.5088,10.19
sine,5.0,0.5,0.5,10,20,51,FedProto,,,,0.1064,6,0.001728,0.557,10.505
sine,5.0,0.5,0.5,10,20,51,FedAvg,,,,0.1068,4,,0.5528,10.1268
sine,5.0,0.5,0.5,10,20,52,FedProTrack,0.89,1.160276,0.11,0.126,6,0.001196,0.5364,9.5644
sine,5.0,0.5,0.5,10,20,52,IFCA,0.57,0.55694,0.43,0.1782,3,0.001131,0.6124,10.311
sine,5.0,0.5,0.5,10,20,52,FedProto,,,,0.2932,6,0.001574,0.492,9.5699
sine,5.0,0.5,0.5,10,20,52,FedAvg,,,,0.1876,6,,0.4644,9.4304
sine,5.0,0.5,0.5,10,20,53,FedProTrack,0.915,1.23152,0.085,0.186,6,0.001298,0.4076,10.3868
sine,5.0,0.5,0.5,10,20,53,IFCA,0.74,0.53783,0.26,0.1816,6,0.001168,0.5752,10.6558
sine,5.0,0.5,0.5,10,20,53,FedProto,,,,0.2262,6,0.001666,0.4008,10.1267
sine,5.0,0.5,0.5,10,20,53,FedAvg,,,,0.0864,4,,0.5084,9.1584
sine,5.0,0.5,0.5,10,20,54,FedProTrack,0.865,1.22543,0.135,0.1384,6,0.001165,0.4772,9.3182
sine,5.0,0.5,0.5,10,20,54,IFCA,0.735,0.658417,0.265,0.1656,6,0.001153,0.61,10.5145
sine,5.0,0.5,0.5,10,20,54,FedProto,,,,0.197,6,0.001545,0.5246,9.3916
sine,5.0,0.5,0.5,10,20,54,FedAvg,,,,0.1284,6,,0.4844,9.2518
sine,5.0,0.5,0.5,10,20,55,FedProTrack,0.865,1.297812,0.135,0.1144,6,0.001147,0.4508,9.1796
sine,5.0,0.5,0.5,10,20,55,IFCA,0.745,0.397793,0.255,0.174,4,0.001159,0.6346,10.5679
sine,5.0,0.5,0.5,10,20,55,FedProto,,,,0.2722,6,0.001681,0.6496,10.2214
sine,5.0,0.5,0.5,10,20,55,FedAvg,,,,0.096,6,,0.4912,9.2726
sine,5.0,0.5,0.5,10,20,56,FedProTrack,0.935,1.248312,0.065,0.1668,3,0.001126,0.4536,9.006
sine,5.0,0.5,0.5,10,20,56,IFCA,0.755,0.773434,0.245,0.1448,5,0.001129,0.5646,10.2921
sine,5.0,0.5,0.5,10,20,56,FedProto,,,,0.2088,6,0.001589,0.5984,9.6599
sine,5.0,0.5,0.5,10,20,56,FedAvg,,,,0.1268,6,,0.4904,9.2636
sine,5.0,0.5,0.5,10,20,57,FedProTrack,0.91,1.305542,0.09,0.04,1,0.001218,0.476,9.7446
sine,5.0,0.5,0.5,10,20,57,IFCA,0.635,0.686071,0.365,0.0988,6,0.001172,0.5622,10.6904
sine,5.0,0.5,0.5,10,20,57,FedProto,,,,0.1488,4,0.001704,0.5882,10.3614
sine,5.0,0.5,0.5,10,20,57,FedAvg,,,,0.074,6,,0.57,9.8888
sine,5.0,0.5,0.5,10,20,58,FedProTrack,0.93,1.275586,0.07,0.1188,6,0.001155,0.4536,9.2404
sine,5.0,0.5,0.5,10,20,58,IFCA,0.72,0.61992,0.28,0.1578,3,0.001135,0.5764,10.3504
sine,5.0,0.5,0.5,10,20,58,FedProto,,,,0.2664,6,0.001599,0.5854,9.7247
sine,5.0,0.5,0.5,10,20,58,FedAvg,,,,0.0376,1,,0.5136,9.6068
sine,5.0,0.5,0.5,10,20,59,FedProTrack,0.91,1.375896,0.09,0.034,1,0.001175,0.4876,9.4016
sine,5.0,0.5,0.5,10,20,59,IFCA,0.54,0.760119,0.46,0.1424,6,0.001118,0.5884,10.1917
sine,5.0,0.5,0.5,10,20,59,FedProto,,,,0.1934,6,0.001537,0.5948,9.3432
sine,5.0,0.5,0.5,10,20,59,FedAvg,,,,0.0656,6,,0.5584,9.5702
sine,5.0,0.5,0.5,10,20,60,FedProTrack,0.915,1.401914,0.085,0.1364,6,0.001161,0.4156,9.287
sine,5.0,0.5,0.5,10,20,60,IFCA,0.61,0.532597,0.39,0.1134,6,0.001138,0.5084,10.3808
sine,5.0,0.5,0.5,10,20,60,FedProto,,,,0.1954,6,0.001559,0.5712,9.4766
sine,5.0,0.5,0.5,10,20,60,FedAvg,,,,0.102,6,,0.4928,9.566
sine,5.0,0.5,0.5,10,20,61,FedProTrack,0.885,1.370413,0.115,0.1632,6,0.001161,0.4508,9.288
sine,5.0,0.5,0.5,10,20,61,IFCA,0.735,0.595953,0.265,0.1222,6,0.001137,0.5144,10.3704
sine,5.0,0.5,0.5,10,20,61,FedProto,,,,0.2082,6,0.001745,0.5902,10.609
sine,5.0,0.5,0.5,10,20,61,FedAvg,,,,0.1496,6,,0.5756,10.4188
sine,10.0,0.0,0.5,10,20,42,FedProTrack,0.88,1.079046,0.12,0.0,0,0.001493,0.656,11.941
sine,10.0,0.0,0.5,10,20,42,IFCA,0.955,0.0,0.045,0.0,0,0.00124,0.6162,11.3053
sine,10.0,0.0,0.5,10,20,42,FedProto,,,,0.0,0,0.002095,0.672,12.738
sine,10.0,0.0,0.5,10,20,42,FedAvg,,,,0.0,0,,0.5524,9.584
sine,10.0,0.0,0.5,10,20,43,FedProTrack,0.925,0.998517,0.075,0.2604,6,0.0013,0.3588,10.4024
sine,10.0,0.0,0.5,10,20,43,IFCA,0.93,0.0,0.07,0.298,4,0.001208,0.5988,11.02
sine,10.0,0.0,0.5,10,20,43,FedProto,,,,0.3464,6,0.001773,0.3092,10.7812
sine,10.0,0.0,0.5,10,20,43,FedAvg,,,,0.326,6,,0.3284,10.498
sine,10.0,0.0,0.5,10,20,44,FedProTrack,0.86,0.785554,0.14,0.126,6,0.001247,0.4192,9.974
sine,10.0,0.0,0.5,10,20,44,IFCA,0.905,0.0,0.095,0.2614,6,0.001258,0.5928,11.4723
sine,10.0,0.0,0.5,10,20,44,FedProto,,,,0.3452,6,0.001826,0.3202,11.1021
sine,10.0,0.0,0.5,10,20,44,FedAvg,,,,0.3248,6,,0.3448,10.7996
sine,10.0,0.0,0.5,10,20,45,FedProTrack,0.88,0.994762,0.12,0.0,0,0.001423,0.3548,11.3812
sine,10.0,0.0,0.5,10,20,45,IFCA,0.995,0.0,0.005,0.0,0,0.0013,0.3544,11.855
sine,10.0,0.0,0.5,10,20,45,FedProto,,,,0.0,0,0.002062,0.3372,12.5352
sine,10.0,0.0,0.5,10,20,45,FedAvg,,,,0.0,0,,0.3308,12.136
sine,10.0,0.0,0.5,10,20,46,FedProTrack,0.91,1.065624,0.09,0.0,0,0.001561,0.6808,12.4854
sine,10.0,0.0,0.5,10,20,46,IFCA,1.0,0.0,0.0,0.0,0,0.00132,0.652,12.0361
sine,10.0,0.0,0.5,10,20,46,FedProto,,,,0.0,0,0.002089,0.6908,12.7004
sine,10.0,0.0,0.5,10,20,46,FedAvg,,,,0.0,0,,0.6856,12.311
sine,10.0,0.0,0.5,10,20,47,FedProTrack,0.905,0.764749,0.095,0.0,0,0.001279,0.5408,10.2332
sine,10.0,0.0,0.5,10,20,47,IFCA,0.76,0.0,0.24,0.0,0,0.00125,0.6178,11.3967
sine,10.0,0.0,0.5,10,20,47,FedProto,,,,0.0,0,0.002099,0.6778,12.7634
sine,10.0,0.0,0.5,10,20,47,FedAvg,,,,0.0,0,,0.5568,9.5828
sine,10.0,0.0,0.5,10,20,48,FedProTrack,0.905,1.003922,0.095,0.0,0,0.001535,0.6728,12.279
sine,10.0,0.0,0.5,10,20,48,IFCA,0.76,0.0,0.24,0.0,0,0.001245,0.6184,11.3542
sine,10.0,0.0,0.5,10,20,48,FedProto,,,,0.0,0,0.002098,0.6736,12.7587
sine,10.0,0.0,0.5,10,20,48,FedAvg,,,,0.0,0,,0.5692,9.566
sine,10.0,0.0,0.5,10,20,49,FedProTrack,0.92,1.16113,0.08,0.322,6,0.001108,0.3432,8.8636
sine,10.0,0.0,0.5,10,20,49,IFCA,0.89,0.0,0.11,0.295,6,0.001203,0.401,10.9717
sine,10.0,0.0,0.5,10,20,49,FedProto,,,,0.3566,6,0.001581,0.6668,9.6127
sine,10.0,0.0,0.5,10,20,49,FedAvg,,,,0.3,3,,0.6424,9.93
sine,10.0,0.0,0.5,10,20,50,FedProTrack,0.9,1.075285,0.1,0.2724,6,0.001221,0.3816,9.7696
sine,10.0,0.0,0.5,10,20,50,IFCA,0.955,0.0,0.045,0.2648,6,0.001297,0.5298,11.8289
sine,10.0,0.0,0.5,10,20,50,FedProto,,,,0.3414,6,0.002007,0.3318,12.2035
sine,10.0,0.0,0.5,10,20,50,FedAvg,,,,0.3444,6,,0.3332,11.787
sine,10.0,0.0,0.5,10,20,51,FedProTrack,0.905,0.583392,0.095,0.0,0,0.001421,0.616,11.3692
sine,10.0,0.0,0.5,10,20,51,IFCA,0.82,0.0,0.18,0.0,0,0.001241,0.6134,11.3147
sine,10.0,0.0,0.5,10,20,51,FedProto,,,,0.0,0,0.002096,0.6814,12.745
sine,10.0,0.0,0.5,10,20,51,FedAvg,,,,0.0,0,,0.5528,9.5564
sine,10.0,0.0,0.5,10,20,52,FedProTrack,0.905,0.858536,0.095,0.2548,6,0.001045,0.43,8.3594
sine,10.0,0.0,0.5,10,20,52,IFCA,0.975,0.016254,0.025,0.2874,5,0.001253,0.628,11.4308
sine,10.0,0.0,0.5,10,20,52,FedProto,,,,0.3562,5,0.001808,0.6684,10.9927
sine,10.0,0.0,0.5,10,20,52,FedAvg,,,,0.24,4,,0.6852,11.0238
sine,10.0,0.0,0.5,10,20,53,FedProTrack,0.9,0.552284,0.1,0.0,0,0.000865,0.4092,6.918
sine,10.0,0.0,0.5,10,20,53,IFCA,1.0,0.0,0.0,0.0,0,0.001329,0.6372,12.1187
sine,10.0,0.0,0.5,10,20,53,FedProto,,,,0.0,0,0.002091,0.6764,12.713
sine,10.0,0.0,0.5,10,20,53,FedAvg,,,,0.0,0,,0.662,12.3272
sine,10.0,0.0,0.5,10,20,54,FedProTrack,0.905,0.632579,0.095,0.0,0,0.000962,0.4264,7.696
sine,10.0,0.0,0.5,10,20,54,IFCA,0.865,0.0,0.135,0.0,0,0.001242,0.6104,11.3304
sine,10.0,0.0,0.5,10,20,54,FedProto,,,,0.0,0,0.002096,0.6738,12.7415
sine,10.0,0.0,0.5,10,20,54,FedAvg,,,,0.0,0,,0.5468,9.6242
sine,10.0,0.0,0.5,10,20,55,FedProTrack,0.91,0.648713,0.09,0.2284,6,0.001185,0.4136,9.478
sine,10.0,0.0,0.5,10,20,55,IFCA,0.865,0.0,0.135,0.27,6,0.001259,0.5974,11.4802
sine,10.0,0.0,0.5,10,20,55,FedProto,,,,0.3512,6,0.001663,0.3188,10.1099
sine,10.0,0.0,0.5,10,20,55,FedAvg,,,,0.3412,6,,0.3564,9.8994
sine,10.0,0.0,0.5,10,20,56,FedProTrack,0.9,1.018526,0.1,0.3252,6,0.001164,0.3444,9.3134
sine,10.0,0.0,0.5,10,20,56,IFCA,0.96,0.0,0.04,0.2844,6,0.001225,0.6142,11.1751
sine,10.0,0.0,0.5,10,20,56,FedProto,,,,0.3686,6,0.001533,0.664,9.3213
sine,10.0,0.0,0.5,10,20,56,FedAvg,,,,0.3168,6,,0.4172,9.3726
sine,10.0,0.0,0.5,10,20,57,FedProTrack,0.91,0.750181,0.09,0.0,0,0.001277,0.528,10.2162
sine,10.0,0.0,0.5,10,20,57,IFCA,0.865,0.0,0.135,0.0,0,0.001234,0.6056,11.2545
sine,10.0,0.0,0.5,10,20,57,FedProto,,,,0.0,0,0.0021,0.665,12.7654
sine,10.0,0.0,0.5,10,20,57,FedAvg,,,,0.0,0,,0.538,9.6208
sine,10.0,0.0,0.5,10,20,58,FedProTrack,0.9,0.866457,0.1,0.0,0,0.001273,0.5284,10.1864
sine,10.0,0.0,0.5,10,20,58,IFCA,1.0,0.0,0.0,0.0,0,0.001316,0.6262,12.0057
sine,10.0,0.0,0.5,10,20,58,FedProto,,,,0.0,0,0.002093,0.6632,12.7266
sine,10.0,0.0,0.5,10,20,58,FedAvg,,,,0.0,0,,0.6412,12.352
sine,10.0,0.0,0.5,10,20,59,FedProTrack,0.89,1.000949,0.11,0.0,0,0.001222,0.5276,9.7774
sine,10.0,0.0,0.5,10,20,59,IFCA,0.81,0.0,0.19,0.2942,6,0.001244,0.6046,11.3476
sine,10.0,0.0,0.5,10,20,59,FedProto,,,,0.3536,6,0.001742,0.6698,10.5933
sine,10.0,0.0,0.5,10,20,59,FedAvg,,,,0.2984,6,,0.46,8.754
sine,10.0,0.0,0.5,10,20,60,FedProTrack,0.895,1.01941,0.105,0.0592,6,0.00121,0.5,9.6796
sine,10.0,0.0,0.5,10,20,60,IFCA,0.85,0.0,0.15,0.252,4,0.001223,0.614,11.1572
sine,10.0,0.0,0.5,10,20,60,FedProto,,,,0.3582,6,0.001509,0.322,9.1766
sine,10.0,0.0,0.5,10,20,60,FedAvg,,,,0.33,6,,0.3892,9.513
sine,10.0,0.0,0.5,10,20,61,FedProTrack,0.895,0.997778,0.105,0.2608,1,0.001455,0.6472,11.6368
sine,10.0,0.0,0.5,10,20,61,IFCA,0.925,0.0,0.075,0.2542,6,0.001193,0.3614,10.8847
sine,10.0,0.0,0.5,10,20,61,FedProto,,,,0.3472,1,0.002039,0.6736,12.3971
sine,10.0,0.0,0.5,10,20,61,FedAvg,,,,0.0644,1,,0.5432,9.4624
sine,2.0,0.75,0.5,10,20,42,FedProTrack,0.44,1.363077,0.56,0.0444,1,0.001191,0.5144,9.5318
sine,2.0,0.75,0.5,10,20,42,IFCA,0.325,0.57649,0.675,0.1014,6,0.001131,0.5682,10.3166
sine,2.0,0.75,0.5,10,20,42,FedProto,,,,0.1624,6,0.001616,0.4298,9.8248
sine,2.0,0.75,0.5,10,20,42,FedAvg,,,,0.1064,6,,0.4524,9.762
sine,2.0,0.75,0.5,10,20,43,FedProTrack,0.515,1.381805,0.485,0.086,5,0.001145,0.5048,9.1614
sine,2.0,0.75,0.5,10,20,43,IFCA,0.34,0.64016,0.66,0.1338,6,0.001098,0.4626,10.0153
sine,2.0,0.75,0.5,10,20,43,FedProto,,,,0.171,6,0.001619,0.5086,9.8465
sine,2.0,0.75,0.5,10,20,43,FedAvg,,,,0.0652,6,,0.4864,9.2242
sine,2.0,0.75,0.5,10,20,44,FedProTrack,0.52,1.396049,0.48,0.0708,6,0.001174,0.486,9.3946
sine,2.0,0.75,0.5,10,20,44,IFCA,0.295,0.643292,0.705,0.1096,6,0.001115,0.5482,10.1715
sine,2.0,0.75,0.5,10,20,44,FedProto,,,,0.1686,6,0.001577,0.5106,9.5854
sine,2.0,0.75,0.5,10,20,44,FedAvg,,,,0.0952,6,,0.4808,9.3292
sine,2.0,0.75,0.5,10,20,45,FedProTrack,0.42,1.328935,0.58,0.0936,6,0.001223,0.4908,9.786
sine,2.0,0.75,0.5,10,20,45,IFCA,0.31,0.622328,0.69,0.1014,6,0.001113,0.4794,10.1497
sine,2.0,0.75,0.5,10,20,45,FedProto,,,,0.1384,6,0.001652,0.492,10.0432
sine,2.0,0.75,0.5,10,20,45,FedAvg,,,,0.1196,6,,0.5104,9.8842
sine,2.0,0.75,0.5,10,20,46,FedProTrack,0.48,1.321092,0.52,0.1404,6,0.001149,0.4528,9.193
sine,2.0,0.75,0.5,10,20,46,IFCA,0.305,1.000763,0.695,0.1206,3,0.001126,0.57,10.2667
sine,2.0,0.75,0.5,10,20,46,FedProto,,,,0.1206,6,0.001625,0.5206,9.8825
sine,2.0,0.75,0.5,10,20,46,FedAvg,,,,0.1208,6,,0.4608,9.3942
sine,2.0,0.75,0.5,10,20,47,FedProTrack,0.545,1.262927,0.455,0.0504,3,0.001195,0.4928,9.5624
sine,2.0,0.75,0.5,10,20,47,IFCA,0.385,0.891259,0.615,0.1096,6,0.001092,0.4694,9.9565
sine,2.0,0.75,0.5,10,20,47,FedProto,,,,0.1002,5,0.001622,0.4162,9.8626
sine,2.0,0.75,0.5,10,20,47,FedAvg,,,,0.0652,1,,0.528,9.3088
sine,2.0,0.75,0.5,10,20,48,FedProTrack,0.5,1.281234,0.5,0.1192,6,0.001205,0.4188,9.642
sine,2.0,0.75,0.5,10,20,48,IFCA,0.36,0.685339,0.64,0.1718,4,0.001116,0.5008,10.1738
sine,2.0,0.75,0.5,10,20,48,FedProto,,,,0.15,6,0.001548,0.4168,9.4105
sine,2.0,0.75,0.5,10,20,48,FedAvg,,,,0.088,3,,0.5516,9.4612
sine,2.0,0.75,0.5,10,20,49,FedProTrack,0.51,1.33704,0.49,0.1124,3,0.001172,0.5632,9.3776
sine,2.0,0.75,0.5,10,20,49,IFCA,0.375,0.834609,0.625,0.0766,5,0.001105,0.5606,10.0766
sine,2.0,0.75,0.5,10,20,49,FedProto,,,,0.1398,6,0.001587,0.5642,9.6461
sine,2.0,0.75,0.5,10,20,49,FedAvg,,,,0.088,6,,0.426,9.3746
sine,2.0,0.75,0.5,10,20,50,FedProTrack,0.47,1.263401,0.53,0.0532,1,0.001174,0.5228,9.3894
sine,2.0,0.75,0.5,10,20,50,IFCA,0.32,0.794664,0.68,0.0936,6,0.001103,0.5114,10.0613
sine,2.0,0.75,0.5,10,20,50,FedProto,,,,0.1754,6,0.001567,0.5042,9.5269
sine,2.0,0.75,0.5,10,20,50,FedAvg,,,,0.0696,2,,0.5152,9.5424
sine,2.0,0.75,0.5,10,20,51,FedProTrack,0.49,1.171001,0.51,0.0936,6,0.001197,0.4888,9.5778
sine,2.0,0.75,0.5,10,20,51,IFCA,0.285,0.774497,0.715,0.1046,6,0.001134,0.5436,10.3453
sine,2.0,0.75,0.5,10,20,51,FedProto,,,,0.1838,6,0.001623,0.4392,9.8686
sine,2.0,0.75,0.5,10,20,51,FedAvg,,,,0.092,6,,0.464,9.787
sine,2.0,0.75,0.5,10,20,52,FedProTrack,0.535,1.328144,0.465,0.1068,4,0.001184,0.528,9.47
sine,2.0,0.75,0.5,10,20,52,IFCA,0.33,0.813166,0.67,0.0884,6,0.001092,0.4738,9.9624
sine,2.0,0.75,0.5,10,20,52,FedProto,,,,0.1522,4,0.001576,0.4776,9.58
sine,2.0,0.75,0.5,10,20,52,FedAvg,,,,0.0896,6,,0.462,9.5606
sine,2.0,0.75,0.5,10,20,53,FedProTrack,0.475,1.254545,0.525,0.1572,3,0.001242,0.5952,9.9324
sine,2.0,0.75,0.5,10,20,53,IFCA,0.37,0.95696,0.63,0.109,6,0.001102,0.4598,10.0518
sine,2.0,0.75,0.5,10,20,53,FedProto,,,,0.1092,6,0.001551,0.5944,9.4302
sine,2.0,0.75,0.5,10,20,53,FedAvg,,,,0.0788,6,,0.4516,9.3942
sine,2.0,0.75,0.5,10,20,54,FedProTrack,0.51,1.293829,0.49,0.1096,6,0.001147,0.4528,9.1758
sine,2.0,0.75,0.5,10,20,54,IFCA,0.305,0.641279,0.695,0.0854,6,0.001129,0.525,10.2921
sine,2.0,0.75,0.5,10,20,54,FedProto,,,,0.1498,3,0.001613,0.6186,9.8093
sine,2.0,0.75,0.5,10,20,54,FedAvg,,,,0.0756,6,,0.474,9.2652
sine,2.0,0.75,0.5,10,20,55,FedProTrack,0.54,1.146456,0.46,0.0588,6,0.001202,0.4768,9.6198
sine,2.0,0.75,0.5,10,20,55,IFCA,0.39,0.751522,0.61,0.1294,4,0.001139,0.5624,10.3871
sine,2.0,0.75,0.5,10,20,55,FedProto,,,,0.1604,6,0.001596,0.4632,9.7007
sine,2.0,0.75,0.5,10,20,55,FedAvg,,,,0.1192,6,,0.4532,9.4704
sine,2.0,0.75,0.5,10,20,56,FedProTrack,0.49,1.25371,0.51,0.1228,6,0.001211,0.5024,9.6908
sine,2.0,0.75,0.5,10,20,56,IFCA,0.275,0.579912,0.725,0.135,6,0.001132,0.5604,10.3256
sine,2.0,0.75,0.5,10,20,56,FedProto,,,,0.1896,6,0.001559,0.5186,9.4806
sine,2.0,0.75,0.5,10,20,56,FedAvg,,,,0.0676,6,,0.4888,9.722
sine,2.0,0.75,0.5,10,20,57,FedProTrack,0.465,1.286692,0.535,0.0696,6,0.001165,0.4864,9.3164
sine,2.0,0.75,0.5,10,20,57,IFCA,0.305,0.884248,0.695,0.1274,3,0.001123,0.5954,10.2401
sine,2.0,0.75,0.5,10,20,57,FedProto,,,,0.0804,6,0.001595,0.6094,9.6973
sine,2.0,0.75,0.5,10,20,57,FedAvg,,,,0.0592,1,,0.5868,9.8018
sine,2.0,0.75,0.5,10,20,58,FedProTrack,0.495,1.330859,0.505,0.0472,0,0.001193,0.532,9.5464
sine,2.0,0.75,0.5,10,20,58,IFCA,0.32,0.669261,0.68,0.1426,6,0.001089,0.5502,9.9285
sine,2.0,0.75,0.5,10,20,58,FedProto,,,,0.1334,6,0.001555,0.5972,9.4526
sine,2.0,0.75,0.5,10,20,58,FedAvg,,,,0.1028,4,,0.5844,9.6054
sine,2.0,0.75,0.5,10,20,59,FedProTrack,0.48,1.300903,0.52,0.0572,2,0.001166,0.4976,9.325
sine,2.0,0.75,0.5,10,20,59,IFCA,0.27,0.651084,0.73,0.1906,6,0.001123,0.4954,10.2393
sine,2.0,0.75,0.5,10,20,59,FedProto,,,,0.133,6,0.001626,0.5308,9.8855
sine,2.0,0.75,0.5,10,20,59,FedAvg,,,,0.0988,6,,0.5308,9.7936
sine,2.0,0.75,0.5,10,20,60,FedProTrack,0.48,1.336799,0.52,0.0604,2,0.001206,0.5012,9.6478
sine,2.0,0.75,0.5,10,20,60,IFCA,0.29,0.56967,0.71,0.1688,3,0.001097,0.4358,10.0002
sine,2.0,0.75,0.5,10,20,60,FedProto,,,,0.2626,6,0.001554,0.4732,9.4511
sine,2.0,0.75,0.5,10,20,60,FedAvg,,,,0.1568,6,,0.6188,9.5882
sine,2.0,0.75,0.5,10,20,61,FedProTrack,0.495,1.397319,0.505,0.108,6,0.001135,0.4376,9.083
sine,2.0,0.75,0.5,10,20,61,IFCA,0.28,0.616781,0.72,0.1186,5,0.001111,0.5186,10.1323
sine,2.0,0.75,0.5,10,20,61,FedProto,,,,0.1792,6,0.001669,0.602,10.1451
sine,2.0,0.75,0.5,10,20,61,FedAvg,,,,0.0968,4,,0.5624,9.8066
sea,5.0,0.5,0.5,10,20,42,FedProTrack,0.565,1.173548,0.435,0.092,6,0.001355,0.7596,14.094
sea,5.0,0.5,0.5,10,20,42,IFCA,0.38,0.0,0.62,0.0986,6,0.001062,0.6758,12.9179
sea,5.0,0.5,0.5,10,20,42,FedProto,,,,0.0698,0,0.001836,0.9284,16.7399
sea,5.0,0.5,0.5,10,20,42,FedAvg,,,,0.1016,6,,0.7588,13.5152
sea,5.0,0.5,0.5,10,20,43,FedProTrack,0.52,1.085195,0.48,0.054,1,0.001374,0.786,14.2896
sea,5.0,0.5,0.5,10,20,43,IFCA,0.395,0.0,0.605,0.0866,4,0.001067,0.7224,12.9725
sea,5.0,0.5,0.5,10,20,43,FedProto,,,,0.0394,0,0.001861,0.9058,16.9757
sea,5.0,0.5,0.5,10,20,43,FedAvg,,,,0.048,1,,0.778,13.4356
sea,5.0,0.5,0.5,10,20,44,FedProTrack,0.79,1.2089,0.21,0.0628,1,0.001339,0.7412,13.923
sea,5.0,0.5,0.5,10,20,44,IFCA,0.465,0.0,0.535,0.066,3,0.0011,0.6836,13.3815
sea,5.0,0.5,0.5,10,20,44,FedProto,,,,0.0306,0,0.001831,0.9258,16.6969
sea,5.0,0.5,0.5,10,20,44,FedAvg,,,,0.0548,1,,0.754,13.8902
sea,5.0,0.5,0.5,10,20,45,FedProTrack,0.785,1.284986,0.215,0.06,1,0.001323,0.78,13.7562
sea,5.0,0.5,0.5,10,20,45,IFCA,0.69,0.0,0.31,0.0678,1,0.001012,0.756,12.3079
sea,5.0,0.5,0.5,10,20,45,FedProto,,,,0.038,0,0.001894,0.9134,17.2737
sea,5.0,0.5,0.5,10,20,45,FedAvg,,,,0.0604,1,,0.7824,13.095
sea,5.0,0.5,0.5,10,20,46,FedProTrack,0.535,1.248148,0.465,0.1124,3,0.001299,0.754,13.5106
sea,5.0,0.5,0.5,10,20,46,IFCA,0.38,0.0,0.62,0.1148,6,0.001037,0.7056,12.6059
sea,5.0,0.5,0.5,10,20,46,FedProto,,,,0.0716,6,0.001854,0.9198,16.9042
sea,5.0,0.5,0.5,10,20,46,FedAvg,,,,0.1096,2,,0.7588,13.2102
sea,5.0,0.5,0.5,10,20,47,FedProTrack,0.745,1.127395,0.255,0.0524,1,0.001342,0.7624,13.9604
sea,5.0,0.5,0.5,10,20,47,IFCA,0.475,0.0,0.525,0.069,5,0.001026,0.7112,12.4744
sea,5.0,0.5,0.5,10,20,47,FedProto,,,,0.0478,1,0.001884,0.919,17.1818
sea,5.0,0.5,0.5,10,20,47,FedAvg,,,,0.0648,0,,0.748,13.2668
sea,5.0,0.5,0.5,10,20,48,FedProTrack,0.655,1.159736,0.345,0.1008,4,0.001341,0.8112,13.943
sea,5.0,0.5,0.5,10,20,48,IFCA,0.365,0.0,0.635,0.1038,4,0.001055,0.7922,12.8309
sea,5.0,0.5,0.5,10,20,48,FedProto,,,,0.0768,0,0.00188,0.872,17.1435
sea,5.0,0.5,0.5,10,20,48,FedAvg,,,,0.1028,1,,0.8156,13.516
sea,5.0,0.5,0.5,10,20,49,FedProTrack,0.835,1.323298,0.165,0.0724,1,0.001304,0.7228,13.562
sea,5.0,0.5,0.5,10,20,49,IFCA,0.32,0.0,0.68,0.0918,3,0.00106,0.6796,12.8894
sea,5.0,0.5,0.5,10,20,49,FedProto,,,,0.0426,0,0.00185,0.9142,16.8707
sea,5.0,0.5,0.5,10,20,49,FedAvg,,,,0.1,2,,0.7284,13.5272
sea,5.0,0.5,0.5,10,20,50,FedProTrack,0.585,1.192113,0.415,0.1116,2,0.001338,0.7948,13.919
sea,5.0,0.5,0.5,10,20,50,IFCA,0.37,0.0,0.63,0.154,5,0.001043,0.759,12.6785
sea,5.0,0.5,0.5,10,20,50,FedProto,,,,0.0812,6,0.001849,0.8904,16.8657
sea,5.0,0.5,0.5,10,20,50,FedAvg,,,,0.1252,2,,0.7912,13.3592
sea,5.0,0.5,0.5,10,20,51,FedProTrack,0.55,1.074411,0.45,0.0464,2,0.001359,0.7576,14.1324
sea,5.0,0.5,0.5,10,20,51,IFCA,0.375,0.0,0.625,0.0854,3,0.001032,0.729,12.5441
sea,5.0,0.5,0.5,10,20,51,FedProto,,,,0.0534,0,0.001881,0.9052,17.1514
sea,5.0,0.5,0.5,10,20,51,FedAvg,,,,0.0808,2,,0.7656,13.3
sea,5.0,0.5,0.5,10,20,52,FedProTrack,0.725,1.171488,0.275,0.0356,0,0.00135,0.7792,14.0408
sea,5.0,0.5,0.5,10,20,52,IFCA,0.285,0.0,0.715,0.0522,1,0.001057,0.7074,12.8557
sea,5.0,0.5,0.5,10,20,52,FedProto,,,,0.0818,4,0.001843,0.9082,16.8067
sea,5.0,0.5,0.5,10,20,52,FedAvg,,,,0.046,1,,0.7636,13.4126
sea,5.0,0.5,0.5,10,20,53,FedProTrack,0.69,1.186202,0.31,0.0776,1,0.001305,0.7484,13.5672
sea,5.0,0.5,0.5,10,20,53,IFCA,0.505,0.0,0.495,0.0526,1,0.001044,0.6858,12.7002
sea,5.0,0.5,0.5,10,20,53,FedProto,,,,0.0818,1,0.001866,0.9338,17.0143
sea,5.0,0.5,0.5,10,20,53,FedAvg,,,,0.0632,1,,0.7464,13.4198
sea,5.0,0.5,0.5,10,20,54,FedProTrack,0.78,1.209762,0.22,0.074,3,0.001304,0.7576,13.56
sea,5.0,0.5,0.5,10,20,54,IFCA,0.355,0.0,0.645,0.1096,6,0.001061,0.7064,12.899
sea,5.0,0.5,0.5,10,20,54,FedProto,,,,0.0672,1,0.001864,0.9108,16.9971
sea,5.0,0.5,0.5,10,20,54,FedAvg,,,,0.0856,3,,0.7596,13.5522
sea,5.0,0.5,0.5,10,20,55,FedProTrack,0.76,1.130422,0.24,0.0724,1,0.001363,0.82,14.1754
sea,5.0,0.5,0.5,10,20,55,IFCA,0.51,0.0,0.49,0.0668,5,0.001086,0.7662,13.2096
sea,5.0,0.5,0.5,10,20,55,FedProto,,,,0.1236,4,0.001802,0.87,16.4301
sea,5.0,0.5,0.5,10,20,55,FedAvg,,,,0.0832,4,,0.8068,13.7612
sea,5.0,0.5,0.5,10,20,56,FedProTrack,0.795,1.136173,0.205,0.0428,0,0.001333,0.8068,13.8622
sea,5.0,0.5,0.5,10,20,56,IFCA,0.42,0.0,0.58,0.063,4,0.001069,0.7672,12.9932
sea,5.0,0.5,0.5,10,20,56,FedProto,,,,0.0378,0,0.001816,0.8496,16.562
sea,5.0,0.5,0.5,10,20,56,FedAvg,,,,0.0632,3,,0.802,13.643
sea,5.0,0.5,0.5,10,20,57,FedProTrack,0.67,1.094441,0.33,0.0596,0,0.001366,0.7648,14.2022
sea,5.0,0.5,0.5,10,20,57,IFCA,0.43,0.0,0.57,0.0998,2,0.001026,0.7184,12.4784
sea,5.0,0.5,0.5,10,20,57,FedProto,,,,0.0538,0,0.001884,0.9228,17.1783
sea,5.0,0.5,0.5,10,20,57,FedAvg,,,,0.0816,1,,0.7592,13.2302
sea,5.0,0.5,0.5,10,20,58,FedProTrack,0.775,1.124651,0.225,0.1616,1,0.001306,0.7552,13.5828
sea,5.0,0.5,0.5,10,20,58,IFCA,0.48,0.0,0.52,0.1622,6,0.001047,0.7086,12.733
sea,5.0,0.5,0.5,10,20,58,FedProto,,,,0.046,0,0.001863,0.9262,16.9912
sea,5.0,0.5,0.5,10,20,58,FedAvg,,,,0.1628,2,,0.7432,13.3564
sea,5.0,0.5,0.5,10,20,59,FedProTrack,0.505,1.230465,0.495,0.1108,2,0.001265,0.7648,13.1514
sea,5.0,0.5,0.5,10,20,59,IFCA,0.305,0.0,0.695,0.1122,4,0.001047,0.6986,12.7312
sea,5.0,0.5,0.5,10,20,59,FedProto,,,,0.068,4,0.001846,0.9408,16.8316
sea,5.0,0.5,0.5,10,20,59,FedAvg,,,,0.1192,5,,0.76,13.3518
sea,5.0,0.5,0.5,10,20,60,FedProTrack,0.59,1.258226,0.41,0.1144,6,0.001215,0.7348,12.6376
sea,5.0,0.5,0.5,10,20,60,IFCA,0.37,0.0,0.63,0.1268,6,0.001043,0.641,12.6788
sea,5.0,0.5,0.5,10,20,60,FedProto,,,,0.0748,1,0.001848,0.9268,16.8541
sea,5.0,0.5,0.5,10,20,60,FedAvg,,,,0.1204,6,,0.7328,13.275
sea,5.0,0.5,0.5,10,20,61,FedProTrack,0.675,1.216938,0.325,0.1568,6,0.001263,0.7224,13.14
sea,5.0,0.5,0.5,10,20,61,IFCA,0.535,0.0,0.465,0.1382,6,0.001044,0.6678,12.6902
sea,5.0,0.5,0.5,10,20,61,FedProto,,,,0.0862,2,0.001874,0.9344,17.0884
sea,5.0,0.5,0.5,10,20,61,FedAvg,,,,0.1464,6,,0.7316,13.3382
circle,5.0,0.5,0.5,10,20,42,FedProTrack,0.37,0.666534,0.63,0.232,3,0.001638,0.736,13.1026
circle,5.0,0.5,0.5,10,20,42,IFCA,0.38,0.0,0.62,0.0256,0,0.001476,0.7274,13.4597
circle,5.0,0.5,0.5,10,20,42,FedProto,,,,0.2092,6,0.001591,0.5104,9.6745
circle,5.0,0.5,0.5,10,20,42,FedAvg,,,,0.094,4,,0.7332,13.1016
circle,5.0,0.5,0.5,10,20,43,FedProTrack,0.36,0.84424,0.64,0.2092,4,0.001627,0.718,13.0182
circle,5.0,0.5,0.5,10,20,43,IFCA,0.395,0.0,0.605,0.0256,0,0.001477,0.7064,13.4682
circle,5.0,0.5,0.5,10,20,43,FedProto,,,,0.2078,6,0.001593,0.5052,9.6844
circle,5.0,0.5,0.5,10,20,43,FedAvg,,,,0.0888,3,,0.7156,13.1138
circle,5.0,0.5,0.5,10,20,44,FedProTrack,0.465,0.693409,0.535,0.4068,6,0.001181,0.6944,9.4504
circle,5.0,0.5,0.5,10,20,44,IFCA,0.465,0.0,0.535,0.0256,0,0.001475,0.7142,13.4486
circle,5.0,0.5,0.5,10,20,44,FedProto,,,,0.2228,6,0.001592,0.5024,9.6779
circle,5.0,0.5,0.5,10,20,44,FedAvg,,,,0.1228,6,,0.71,13.115
circle,5.0,0.5,0.5,10,20,45,FedProTrack,0.635,0.9171,0.365,0.0888,2,0.001662,0.7304,13.2946
circle,5.0,0.5,0.5,10,20,45,IFCA,0.69,0.0,0.31,0.0256,0,0.001475,0.7312,13.45
circle,5.0,0.5,0.5,10,20,45,FedProto,,,,0.2274,6,0.001586,0.5024,9.6442
circle,5.0,0.5,0.5,10,20,45,FedAvg,,,,0.0884,5,,0.7272,13.127
circle,5.0,0.5,0.5,10,20,46,FedProTrack,0.385,0.869165,0.615,0.2444,6,0.001507,0.7092,12.0586
circle,5.0,0.5,0.5,10,20,46,IFCA,0.38,0.0,0.62,0.0256,0,0.001476,0.7236,13.4606
circle,5.0,0.5,0.5,10,20,46,FedProto,,,,0.2192,6,0.001589,0.4988,9.6618
circle,5.0,0.5,0.5,10,20,46,FedAvg,,,,0.088,5,,0.7156,13.131
circle,5.0,0.5,0.5,10,20,47,FedProTrack,0.48,0.85461,0.52,0.0404,0,0.001705,0.7252,13.6378
circle,5.0,0.5,0.5,10,20,47,IFCA,0.475,0.0,0.525,0.0256,0,0.001476,0.7204,13.4633
circle,5.0,0.5,0.5,10,20,47,FedProto,,,,0.2266,6,0.001589,0.5096,9.6599
circle,5.0,0.5,0.5,10,20,47,FedAvg,,,,0.11,6,,0.7204,13.135
circle,5.0,0.5,0.5,10,20,48,FedProTrack,0.36,0.972817,0.64,0.202,3,0.001634,0.7328,13.0734
circle,5.0,0.5,0.5,10,20,48,IFCA,0.365,0.0,0.635,0.0256,0,0.001477,0.7206,13.4728
circle,5.0,0.5,0.5,10,20,48,FedProto,,,,0.2162,6,0.001585,0.5096,9.6387
circle,5.0,0.5,0.5,10,20,48,FedAvg,,,,0.0856,6,,0.7276,13.1088
circle,5.0,0.5,0.5,10,20,49,FedProTrack,0.33,0.890337,0.67,0.18,6,0.001557,0.6976,12.4576
circle,5.0,0.5,0.5,10,20,49,IFCA,0.32,0.0,0.68,0.0256,0,0.001476,0.7094,13.4577
circle,5.0,0.5,0.5,10,20,49,FedProto,,,,0.237,6,0.001587,0.508,9.6507
circle,5.0,0.5,0.5,10,20,49,FedAvg,,,,0.1056,5,,0.7028,13.1246
circle,5.0,0.5,0.5,10,20,50,FedProTrack,0.335,0.997647,0.665,0.0404,0,0.001708,0.7336,13.6614
circle,5.0,0.5,0.5,10,20,50,IFCA,0.37,0.0,0.63,0.0256,0,0.001478,0.7328,13.4774
circle,5.0,0.5,0.5,10,20,50,FedProto,,,,0.2156,6,0.001588,0.5018,9.658
circle,5.0,0.5,0.5,10,20,50,FedAvg,,,,0.0848,4,,0.7308,13.1204
circle,5.0,0.5,0.5,10,20,51,FedProTrack,0.36,0.841166,0.64,0.1684,6,0.001637,0.7192,13.096
circle,5.0,0.5,0.5,10,20,51,IFCA,0.375,0.0,0.625,0.0256,0,0.001478,0.708,13.4788
circle,5.0,0.5,0.5,10,20,51,FedProto,,,,0.2414,6,0.001588,0.4962,9.6557
circle,5.0,0.5,0.5,10,20,51,FedAvg,,,,0.1012,6,,0.7116,13.1542
circle,5.0,0.5,0.5,10,20,52,FedProTrack,0.295,0.853735,0.705,0.2112,6,0.001482,0.7008,11.8556
circle,5.0,0.5,0.5,10,20,52,IFCA,0.285,0.0,0.715,0.0256,0,0.001475,0.7226,13.4493
circle,5.0,0.5,0.5,10,20,52,FedProto,,,,0.2404,6,0.001593,0.5216,9.6861
circle,5.0,0.5,0.5,10,20,52,FedAvg,,,,0.1144,6,,0.7132,13.1466
circle,5.0,0.5,0.5,10,20,53,FedProTrack,0.49,1.048708,0.51,0.1992,6,0.001536,0.6944,12.2852
circle,5.0,0.5,0.5,10,20,53,IFCA,0.505,0.0,0.495,0.0248,0,0.001478,0.7304,13.4792
circle,5.0,0.5,0.5,10,20,53,FedProto,,,,0.2122,6,0.001588,0.4832,9.6522
circle,5.0,0.5,0.5,10,20,53,FedAvg,,,,0.086,6,,0.718,13.1398
circle,5.0,0.5,0.5,10,20,54,FedProTrack,0.355,0.775475,0.645,0.15,6,0.00149,0.6676,11.9226
circle,5.0,0.5,0.5,10,20,54,IFCA,0.355,0.0,0.645,0.0248,0,0.001478,0.7102,13.478
circle,5.0,0.5,0.5,10,20,54,FedProto,,,,0.2174,6,0.001587,0.4998,9.6507
circle,5.0,0.5,0.5,10,20,54,FedAvg,,,,0.0856,5,,0.706,13.1598
circle,5.0,0.5,0.5,10,20,55,FedProTrack,0.465,0.718098,0.535,0.1196,4,0.00165,0.7104,13.1976
circle,5.0,0.5,0.5,10,20,55,IFCA,0.51,0.0,0.49,0.0248,0,0.001477,0.7214,13.4688
circle,5.0,0.5,0.5,10,20,55,FedProto,,,,0.2238,6,0.001586,0.5074,9.6441
circle,5.0,0.5,0.5,10,20,55,FedAvg,,,,0.0996,5,,0.7144,13.1448
circle,5.0,0.5,0.5,10,20,56,FedProTrack,0.385,0.714506,0.615,0.292,6,0.001307,0.6504,10.4536
circle,5.0,0.5,0.5,10,20,56,IFCA,0.42,0.0,0.58,0.0248,0,0.00148,0.72,13.4942
circle,5.0,0.5,0.5,10,20,56,FedProto,,,,0.2088,6,0.001586,0.4926,9.6404
circle,5.0,0.5,0.5,10,20,56,FedAvg,,,,0.0988,4,,0.7176,13.1176
circle,5.0,0.5,0.5,10,20,57,FedProTrack,0.41,0.721206,0.59,0.0348,0,0.001709,0.7116,13.6718
circle,5.0,0.5,0.5,10,20,57,IFCA,0.43,0.0,0.57,0.0248,0,0.001478,0.707,13.4813
circle,5.0,0.5,0.5,10,20,57,FedProto,,,,0.225,6,0.001587,0.5064,9.6481
circle,5.0,0.5,0.5,10,20,57,FedAvg,,,,0.1184,6,,0.7068,13.1426
circle,5.0,0.5,0.5,10,20,58,FedProTrack,0.475,0.777516,0.525,0.4036,6,0.001294,0.7188,10.354
circle,5.0,0.5,0.5,10,20,58,IFCA,0.48,0.0,0.52,0.0248,0,0.00148,0.7156,13.4999
circle,5.0,0.5,0.5,10,20,58,FedProto,,,,0.203,6,0.001587,0.505,9.6485
circle,5.0,0.5,0.5,10,20,58,FedAvg,,,,0.0792,2,,0.7136,13.1434
circle,5.0,0.5,0.5,10,20,59,FedProTrack,0.29,0.760689,0.71,0.0808,1,0.001627,0.6748,13.016
circle,5.0,0.5,0.5,10,20,59,IFCA,0.305,0.0,0.695,0.0248,0,0.001479,0.6986,13.4904
circle,5.0,0.5,0.5,10,20,59,FedProto,,,,0.2236,6,0.001585,0.4956,9.6375
circle,5.0,0.5,0.5,10,20,59,FedAvg,,,,0.0808,4,,0.692,13.169
circle,5.0,0.5,0.5,10,20,60,FedProTrack,0.36,0.814061,0.64,0.4172,6,0.001175,0.6016,9.3974
circle,5.0,0.5,0.5,10,20,60,IFCA,0.37,0.0,0.63,0.0248,0,0.001478,0.7176,13.4815
circle,5.0,0.5,0.5,10,20,60,FedProto,,,,0.222,6,0.001587,0.4968,9.6501
circle,5.0,0.5,0.5,10,20,60,FedAvg,,,,0.0912,3,,0.7108,13.1308
circle,5.0,0.5,0.5,10,20,61,FedProTrack,0.48,0.734033,0.52,0.2188,6,0.001443,0.6736,11.5452
circle,5.0,0.5,0.5,10,20,61,IFCA,0.535,0.0,0.465,0.0248,0,0.001478,0.718,13.4772
circle,5.0,0.5,0.5,10,20,61,FedProto,,,,0.2266,6,0.001588,0.4998,9.6528
circle,5.0,0.5,0.5,10,20,61,FedAvg,,,,0.1232,6,,0.7152,13.1272
